{
    "q_table": {
        "0,0": [
            -99.9988566188727,
            30.174440226300803,
            -99.99964119488689,
            15.430901075064043
        ],
        "0,1": [
            -99.90449950492031,
            31.299513530735393,
            -1.611897100862715,
            -99.8382690730077
        ],
        "0,3": [
            -96.90968456173674,
            15.509061110440264,
            -96.18479575523054,
            -4.316704697226712
        ],
        "0,4": [
            -98.17519963685992,
            0.01642338835909518,
            -4.178062992785038,
            -4.025107574634127
        ],
        "0,5": [
            -95.76088417247838,
            -3.752296536837778,
            -3.7231581408363104,
            -3.714474105013742
        ],
        "0,6": [
            -96.56631617970748,
            -3.234668138424216,
            -3.4372389637349,
            -3.3842378853993957
        ],
        "0,7": [
            -94.76652366972641,
            -3.2592548135735044,
            -3.1857325852642333,
            -3.2435840633568738
        ],
        "0,8": [
            -96.18479575523054,
            -3.17104069893819,
            -3.1328533852916554,
            -3.1585629920173104
        ],
        "0,9": [
            -91.13706188034752,
            -3.1411947636661344,
            -3.1247437004949132,
            -93.53891811077334
        ],
        "1,0": [
            16.696968784457315,
            -1.0292215604037385,
            -99.99550180377523,
            32.81520023821139
        ],
        "1,1": [
            19.53402254346094,
            13.523704027218386,
            18.62314081035115,
            35.594947619169915
        ],
        "1,2": [
            -99.90449950492031,
            22.54741301031378,
            21.206438963850935,
            38.520997493863106
        ],
        "1,3": [
            0.6046130481707115,
            41.601049993540144,
            26.54038596355921,
            20.39058346477844
        ],
        "1,4": [
            -4.1148897152508415,
            36.037419188512004,
            5.2579051839799895,
            -4.031959377374539
        ],
        "1,5": [
            -3.68727316044684,
            -3.6128806908519913,
            -1.2070447499446488,
            -2.7529616233379004
        ],
        "1,6": [
            -3.315809000136274,
            2.8745677042262647,
            -3.5452274236757892,
            -3.2086825499836173
        ],
        "1,7": [
            -3.212249465746947,
            -2.010424630141242,
            -2.9535871433488436,
            -3.1285838233238006
        ],
        "1,8": [
            -3.1197734504885606,
            -3.102182063602512,
            -3.062080418518481,
            -3.076070502330944
        ],
        "1,9": [
            -3.084686448102309,
            -77.123207545039,
            -3.127841996059962,
            -68.618940391
        ],
        "2,0": [
            -2.354033806109543,
            -5.700283516828078,
            -99.53616023134117,
            11.233696690488607
        ],
        "2,1": [
            -5.46267177905184,
            -5.066066045762408,
            -4.549320655009142,
            31.93263865239844
        ],
        "2,2": [
            0.3973019064228094,
            -0.7915591930983008,
            -3.769501798788898,
            41.32236962787825
        ],
        "2,3": [
            30.055928735755298,
            44.84321051951598,
            26.458159446240487,
            26.216276267672814
        ],
        "2,4": [
            -3.396039677300212,
            47.879447259797644,
            -0.22259735291599636,
            7.493214067169644
        ],
        "2,5": [
            -3.692612485013751,
            45.81782887467698,
            7.609675721521445,
            -1.5763803704285868
        ],
        "2,6": [
            -2.9996650762667363,
            16.19504413416672,
            1.1140092113676838,
            -2.078493096785748
        ],
        "2,7": [
            -2.921116353428662,
            13.799558448489748,
            -2.7232656913469433,
            -2.902094286478655
        ],
        "2,8": [
            -2.9658786446481775,
            -86.49148282327009,
            -2.252699495859232,
            -83.32281830033344
        ],
        "3,0": [
            -5.32639609840822,
            -5.191809727569302,
            -98.52191170585652,
            -4.798807359792782
        ],
        "3,1": [
            -5.019289788056026,
            -4.948018450188933,
            -4.985850367183885,
            1.351775228870614
        ],
        "3,2": [
            -4.307852362719123,
            -99.12720364319121,
            -4.585882980355863,
            37.924355331891526
        ],
        "3,3": [
            26.01027753326542,
            32.13941796812026,
            19.70965275964356,
            48.25601107317475
        ],
        "3,4": [
            31.266775731947,
            43.37667949959485,
            34.846325810281265,
            51.84843270860503
        ],
        "3,5": [
            28.88596919433025,
            55.62992916695271,
            43.16957795864942,
            41.803755396000646
        ],
        "3,6": [
            -1.4554051006819257,
            58.77881403688631,
            0.18907370366458265,
            11.853553916695045
        ],
        "3,7": [
            -1.518104410190687,
            62.13105845483255,
            6.597740672686429,
            -93.53891811077334
        ],
        "3,9": [
            -79.4108867905351,
            5.588175384092144,
            -46.8559,
            -65.13215599
        ],
        "4,0": [
            -5.027644678816696,
            -4.889156318851209,
            -96.56631617970748,
            -4.807279263961339
        ],
        "4,1": [
            -4.703894744246869,
            -4.702936257616757,
            -4.674355967557678,
            -99.58254420820705
        ],
        "4,3": [
            -2.139451344492194,
            -3.354316397930258,
            -93.53891811077334,
            47.078066694960356
        ],
        "4,4": [
            7.229017384836958,
            -1.5734878845523297,
            5.077738660350505,
            55.541478464752856
        ],
        "4,5": [
            49.54662515583699,
            37.031197476909945,
            41.03069147478744,
            59.61045175468709
        ],
        "4,6": [
            43.3068869629775,
            56.85131447437067,
            45.7662972271069,
            63.8004755312496
        ],
        "4,7": [
            51.4448033296224,
            60.46074076867851,
            51.53895835549828,
            68.21102687499962
        ],
        "4,8": [
            -99.58254420820705,
            72.85371249999966,
            60.45062022563139,
            52.236945195664674
        ],
        "4,9": [
            -1.6308142470880773,
            5.650798546335405,
            65.68548326640459,
            -84.9905364703001
        ],
        "5,0": [
            -4.726344765103501,
            -95.76088417247838,
            -94.76652366972641,
            -4.564957587215165
        ],
        "5,1": [
            -4.573616849445013,
            -4.256489656853727,
            -4.291536724411822,
            -98.66972053527087
        ],
        "5,3": [
            -3.075989156451494,
            -87.84233454094309,
            -86.49148282327009,
            -2.664526827768204
        ],