{
    "q_table": {
        "0,0": [
            -99.9856658880203,
            63.8004755312496,
            -99.98033729495242,
            62.06165252726926
        ],
        "0,1": [
            -91.13706188034752,
            68.18155249789211,
            26.391804961647807,
            22.747411968810372
        ],
        "0,2": [
            -87.84233454094309,
            59.103149992303,
            10.950378334953967,
            -0.2115008189723281
        ],
        "0,3": [
            -81.4697981114816,
            13.40903447985826,
            -1.1145745425523401,
            -46.8559
        ],
        "1,0": [
            53.9785911978511,
            63.757857742212316,
            -99.8382690730077,
            68.21102687499962
        ],
        "1,1": [
            62.06891717696689,
            72.85371249999966,
            62.438591315729916,
            72.16838508811868
        ],
        "1,2": [
            27.8405444617966,
            77.72980893847112,
            40.5538658937238,
            33.88432038545319
        ],
        "1,3": [
            -0.45405332689747807,
            71.35260325462737,
            9.91218915995826,
            20.16062830296876
        ],
        "1,4": [
            -84.9905364703001,
            66.50878581648428,
            8.634294279689053,
            -74.58134171671
        ],
        "2,0": [
            27.532335572225847,
            31.437525042926694,
            -97.49684449500675,
            72.78281033753368
        ],
        "2,1": [
            66.9791305132359,
            76.1608001337532,
            66.46169639912384,
            77.74074999999971
        ],
        "2,2": [
            71.21522599665148,
            82.88499999999976,
            72.53180619787472,
            82.23345285237997
        ],
        "2,3": [
            29.229500203597723,
            88.29336131460134,
            66.58299991848355,
            72.58054439409773
        ],
        "2,4": [
            34.13062188431425,
            93.82417707794313,
            54.22355181296731,
            -95.76088417247838
        ],
        "3,0": [
            13.587666017211001,
            -0.0793789625320992,
            -94.185026299696,
            66.66978428442259
        ],
        "3,1": [
            60.409055431571865,
            -95.28987130275377,
            33.89708374794246,
            82.85867433008801
        ],
        "3,2": [
            77.46694936204793,
            74.14445359575237,
            75.89067716013452,
            88.29999999999981
        ],
        "3,3": [
            82.37366965841963,
            -99.8003321888984,
            82.54986560998401,
            93.99999999999989
        ],
        "3,4": [
            86.16453037420233,
            99.99999999999994,
            88.04498436291428,
            -99.8382690730077
        ],
        "4,0": [
            11.981299212855145,
            -90.1522909781639,
            -56.953279,
            -71.7570463519
        ],
        "4,2": [
            82.23519343562391,
            -71.7570463519,
            -81.4697981114816,
            -86.49148282327009
        ]
    }
}
