{
    "q_table": {
        "0,0": [
            -99.99939236039033,
            15.711453459998829,
            -99.9988566188727,
            30.174440226300803
        ],
        "0,1": [
            -99.9915358502171,
            32.81520023821139,
            19.488409764563016,
            24.77483145500574
        ],
        "0,2": [
            -99.9373421251782,
            34.207306286448926,
            3.4368601936570475,
            5.3376083487752926
        ],
        "0,3": [
            -99.29303495098488,
            35.471711987369574,
            -5.368764518446466,
            -99.62428978738635
        ],
        "0,5": [
            -93.53891811077334,
            -3.251295621030189,
            -96.90968456173674,
            -4.2453091261536136
        ],
        "0,6": [
            -97.49684449500675,
            -4.18392660664528,
            -4.207206784195598,
            -4.206334045082746
        ],
        "0,7": [
            -98.35767967317392,
            -4.184141312856181,
            -4.206659328857522,
            -4.1633786276210225
        ],
        "0,8": [
            -97.74716004550608,
            -4.108234526962945,
            -4.252309817700387,
            -4.183209004670658
        ],
        "0,9": [
            -92.02335569231276,
            -4.236420086874538,
            -4.199036789568244,
            -97.97244404095547
        ],
        "1,0": [
            -5.526577141197341,
            -6.045284199811642,
            -99.82029897000855,
            30.00555295358068
        ],
        "1,1": [
            23.939133554868246,
            9.79820030610787,
            11.363107389390738,
            35.594947619169915
        ],
        "1,2": [
            18.867995359655158,
            31.625102009186037,
            21.225674111086335,
            38.520997493863106
        ],
        "1,3": [
            22.672066612352243,
            41.601049993540144,
            29.49386059275728,
            30.47960762815481
        ],
        "1,4": [
            -97.21871610556306,
            43.19204834643937,
            -0.6177927872444151,
            -1.3293359156044957
        ],
        "1,5": [
            -4.382603607354403,
            42.01296802658924,
            3.687469933043934,
            -4.014910334549921
        ],
        "1,6": [
            -4.11115526274671,
            -3.187643090857432,
            1.9704709096849689,
            -4.207384208793116
        ],
        "1,7": [
            -4.147359822465886,
            -98.80274848174378,
            -3.8737744367260616,
            -4.234845692898943
        ],
        "1,8": [
            -4.188443089978013,
            -95.76088417247838,
            -4.170217134296264,
            -4.2570859690263205
        ],
        "1,9": [
            -4.244578755700292,
            -91.13706188034752,
            -4.263219683512001,
            -93.53891811077334
        ],
        "2,0": [
            -6.33057514304153,
            -5.964849474904041,
            -99.36373145588638,
            2.3412956685924247
        ],
        "2,1": [
            -3.1879032375833765,
            -5.632553609939431,
            -5.2060948213339575,
            27.679071252796085
        ],
        "2,2": [
            -1.3400655532081123,
            -4.32728986017019,
            -1.2568968325720675,
            41.31232197875403
        ],
        "2,3": [
            29.86927919619846,
            28.558543404629802,
            26.450672093170297,
            44.84321051951598
        ],
        "2,4": [
            18.742439207582073,
            45.10717934691249,
            30.98788954921337,
            48.25601107317475
        ],
        "2,5": [
            26.72889043890635,
            51.84843270860503,
            37.64233555397982,
            16.905817864606412
        ],
        "2,6": [
            -4.078650043061972,
            35.874249107485284,
            0.8168373718504549,
            -99.36373145588638
        ],
        "3,0": [
            -5.77295420547348,
            -99.12720364319121,
            -98.66972053527087,
            -5.755277207849661
        ],
        "3,1": [
            -3.7416410634621613,
            -97.97244404095547,
            -5.567225161475554,
            -5.360851477587058
        ],
        "3,2": [
            -5.041945707523863,
            -4.876082284575445,
            -5.430890459077906,
            4.245642733393739
        ],
        "3,3": [
            8.976186819129168,
            -99.62428978738635,
            -4.986267223747979,
            43.06272034594456
        ],
        "3,4": [
            10.388997904537243,
            8.01313075759438,
            1.9419064365720242,
            51.8053218289643
        ],
        "3,5": [
            44.731658049141316,
            55.62992916695271,
            40.49046215006086,
            39.211733751361095
        ],
        "3,6": [
            0.6424854823424664,
            11.490636709746305,
            50.92698827481399,
            -3.7261472729944494
        ],
        "3,7": [
            -97.74716004550608,
            -2.923470573787343,
            -3.4656546517597793,
            -3.581766536631165
        ],
        "3,8": [
            -98.17519963685992,
            -3.553077182142236,
            -3.3832305055065746,
            -3.4606570300866446
        ],
        "3,9": [
            -94.76652366972641,
            -3.4455966868994397,
            -3.465021001281483,
            -94.185026299696
        ],
        "4,2": [
            -4.483962263085932,
            -4.2915813321796685,
            -98.80274848174378,
            -96.90968456173674
        ],
        "4,4": [
            5.148676943020464,
            -95.76088417247838,
            -94.185026299696,
            53.49468683673733
        ],
        "4,5": [
            48.09411535704222,
            59.61045175468709,
            42.43057455108024,
            37.447776293482185
        ],
        "4,6": [
            2.987553680824686,
            51.45570702021213,
            13.260224345925527,
            -3.0938112391609303
        ],
        "4,7": [
            -3.455128787538552,
            -3.095827057319605,
            2.812540808652561,
            -3.493261489903509
        ],
        "4,8": [
            -3.3896036537812524,
            -3.5096797953249532,
            -3.4291324240817413,
            -3.5459652315159964
        ],
        "4,9": [
            -3.4160288229637525,
            -3.4495591233526506,
            -3.4790414412592705,
            -92.82102012308148
        ],
        "5,0": [
            -65.13215599,
            -86.49148282327009,
            -90.1522909781639,
            -3.4845890584113612
        ],
        "5,1": [
            -96.18479575523054,
            -3.5314979505888417,
            -3.4707909070439644,
            -3.6415837371762714
        ],
        "5,2": [
            -4.082069332929368,
            -3.2346595330801544,
            -3.7554381986962233,
            -3.9211705529382472
        ],
        "5,3": [
            -94.185026299696,
            -87.84233454094309,
            -3.868612632397479,
            -87.84233454094309
        ],
        "5,5": [
            53.29760075596974,
            63.8004755312496,
            -99.96670103634682,
            49.17510924206241
        ],
        "5,6": [
            10.990437892285474,
            59.343718120428875,
            22.552213316328093,
            -2.119121342529204
        ],