{
    "q_table": {
        "0,0": [
            -99.99500200419469,
            60.631953738635836,
            -99.99550180377523,
            63.8004755312496
        ],
        "0,1": [
            -99.97003093271213,
            66.19859371103719,
            58.83431055123747,
            68.21102687499962
        ],
        "0,2": [
            -99.75349652950419,
            72.85371249999966,
            62.099363743425506,
            69.44400504533505
        ],
        "0,3": [
            -94.76652366972641,
            77.6361787866552,
            47.64662695303674,
            24.157255007754937
        ],
        "0,4": [
            -83.32281830033344,
            66.21521832743014,
            22.208305739923702,
            -89.05810108684878
        ],
        "1,0": [
            26.91925469878626,
            -99.03022627021245,
            -98.9224736335694,
            67.56096304333784
        ],
        "1,1": [
            44.8018788217714,
            40.321393680347,
            32.966071018482054,
            72.84654255975104
        ],
        "1,2": [
            67.65941759904209,
            76.76769727323205,
            64.92249330355078,
            77.74074999999971
        ],
        "1,3": [
            69.69590582799975,
            82.88499999999976,
            69.9462576735933,
            82.15176297773105
        ],
        "1,4": [
            35.92395763383576,
            88.2947885257136,
            60.384484203510794,
            -98.80274848174378
        ],
        "2,1": [
            21.04164137296934,
            4.6106022274159795,
            -95.28987130275377,
            68.96044712102821
        ],
        "2,2": [
            54.742624390172146,
            -97.74716004550608,
            38.03063203680712,
            82.88120445028454
        ],
        "2,3": [
            75.89474548896371,
            86.60512712339182,
            77.22988374611101,
            88.29999999999981
        ],
        "2,4": [
            82.3205009302663,
            93.99999999999989,
            82.66529330678391,
            -99.9856658880203
        ],
        "3,0": [
            -34.39,
            -0.8326733184058741,
            -10.0,
            2.411345293802142
        ],
        "3,1": [
            23.044657211377046,
            -0.9869773325640953,
            -0.6008774322143177,
            -79.4108867905351
        ],
        "3,3": [
            60.98942543892655,
            68.39863211614376,
            -81.4697981114816,
            93.94255085737062
        ],
        "3,4": [
            87.3615820383438,
            99.99999999999994,
            87.10255481549734,
            -99.69567472778294
        ],
        "4,0": [
            -0.479114108916442,
            -40.951,
            -10.0,
            -0.76344428618323
        ],
        "4,1": [
            0.34913045656084996,
            -68.618940391,
            -0.8426444669819804,
            -52.17031
        ],
        "4,3": [
            21.16257461604215,
            -56.953279,
            -46.8559,
            92.02335569231276
        ]
    }
}
